<window>
	<defaultcontrol>2006</defaultcontrol>
	<coordinates>

		<system>1</system>

		<posx>0</posx>
		<posy>0</posy>

	</coordinates>
	<animation effect="fade" time="250">WindowOpen</animation>

	<animation effect="fade" time="250">WindowClose</animation>
	<controls>
		<control type="group" id="2000">
			<description>Coordinates</description>
			<visible>true</visible>
			<posx>660</posx>
			<posy>630</posy>
			<control type="image" id="2001">
				<posx>0</posx>
				<posy>0</posy>
				<width>600</width>
				<height>70</height>
				<texture>OverlayDialogBackground.png</texture>
			</control>
			<control type="label" id="2002">
				<description>heading</description>
				<posx>25</posx>
				<posy>10</posy>
				<width>550</width>
				<height>20</height>
				<textcolor>white</textcolor>
			</control>
			<control type="label" id="2003">
				<description>label</description>
				<posx>25</posx>
				<posy>30</posy>
				<width>550</width>
				<height>20</height>
				<textcolor>grey2</textcolor>
			</control>
			<control type="progress" id="2004">
				<description>progress control</description>
				<posx>25</posx>
				<posy>55</posy>
				<width>555</width>
				<height>8</height>
				<visible>true</visible>
			</control>
			<control type="button" id="2005">
					<description>from</description>
					<posx>470</posx>
					<posy>10</posy>
					<width>110</width>
					<height>40</height>
					<font>font18</font>
					<textcolor>FF99D8FF</textcolor>
					<align>center</align>
					<aligny>center</aligny>
					<label>Cancel</label>
			</control>
		</control>
	</controls>
</window>