﻿<?xml version="1.0" encoding="UTF-8" standalone="yes"?>
<addon id="plugin.program.MgWicardd"
       name="MgWicardd"
       version="0.1.16"
       provider-name="juri775">
    <requires>
        <import addon="xbmc.python" version="2.1.0"/>
    </requires>
    <extension point="xbmc.python.pluginsource" library="default.py">
        <provides>executable</provides>
    </extension>
    <extension point="xbmc.addon.metadata">
        <platform>all</platform>
        <summary lang="en">Softcam Control Plugin</summary>
        <description lang="en">Softcam Control Plugin</description>
    </extension>
</addon>
